"Status","Start Time","Stop Time","Duration in ms","Parent Suite","Suite","Sub Suite","Test Class","Test Method","Name","Description"
"passed","Mon Oct 21 00:03:15 GMT 2024","Mon Oct 21 00:03:21 GMT 2024","6367","","","","","","Validate Council Output [BedfordBoroughCouncil]",""
"passed","Mon Oct 21 00:29:33 GMT 2024","Mon Oct 21 00:29:36 GMT 2024","3286","","","","","","Validate Council Output [RugbyBoroughCouncil]",""
"passed","Mon Oct 21 00:15:11 GMT 2024","Mon Oct 21 00:15:12 GMT 2024","1445","","","","","","Validate Council Output [LondonBoroughLambeth]",""
"passed","Mon Oct 21 00:14:58 GMT 2024","Mon Oct 21 00:16:04 GMT 2024","66424","","","","","","Validate Council Output [HounslowCouncil]",""
"failed","Mon Oct 21 00:15:05 GMT 2024","Mon Oct 21 00:15:08 GMT 2024","3080","","","","","","Validate Council Output [MertonCouncil]",""
"passed","Mon Oct 21 00:40:33 GMT 2024","Mon Oct 21 00:40:35 GMT 2024","1607","","","","","","Validate Council Output [WestLindseyDistrictCouncil]",""
"passed","Mon Oct 21 00:23:54 GMT 2024","Mon Oct 21 00:24:04 GMT 2024","9828","","","","","","Validate Council Output [SomersetCouncil]",""
"failed","Mon Oct 21 00:29:25 GMT 2024","Mon Oct 21 00:29:28 GMT 2024","2917","","","","","","Validate Council Output [RhonddaCynonTaffCouncil]",""
"passed","Mon Oct 21 00:04:09 GMT 2024","Mon Oct 21 00:04:54 GMT 2024","44662","","","","","","Validate Council Output [EastRenfrewshireCouncil]",""
"passed","Mon Oct 21 00:23:23 GMT 2024","Mon Oct 21 00:23:28 GMT 2024","5021","","","","","","Validate Council Output [LancasterCityCouncil]",""
"passed","Mon Oct 21 00:24:04 GMT 2024","Mon Oct 21 00:24:05 GMT 2024","656","","","","","","Validate Council Output [ReadingBoroughCouncil]",""
"passed","Mon Oct 21 00:14:26 GMT 2024","Mon Oct 21 00:14:27 GMT 2024","840","","","","","","Validate Council Output [LiverpoolCityCouncil]",""
"passed","Mon Oct 21 00:36:58 GMT 2024","Mon Oct 21 00:36:59 GMT 2024","1081","","","","","","Validate Council Output [TelfordAndWrekinCouncil]",""
"failed","Mon Oct 21 00:42:00 GMT 2024","Mon Oct 21 00:42:18 GMT 2024","17449","","","","","","Validate Council Output [WokingBoroughCouncil]",""
"failed","Mon Oct 21 00:35:11 GMT 2024","Mon Oct 21 00:37:12 GMT 2024","120939","","","","","","Validate Council Output [ValeofWhiteHorseCouncil]",""
"passed","Mon Oct 21 00:09:46 GMT 2024","Mon Oct 21 00:14:12 GMT 2024","265721","","","","","","Validate Council Output [BuckinghamshireCouncil]",""
"failed","Mon Oct 21 00:29:40 GMT 2024","Mon Oct 21 00:34:40 GMT 2024","300038","","","","","","Validate Council Output [PrestonCityCouncil]",""
"passed","Mon Oct 21 00:16:42 GMT 2024","Mon Oct 21 00:16:45 GMT 2024","2544","","","","","","Validate Council Output [ErewashBoroughCouncil]",""
"passed","Mon Oct 21 00:02:17 GMT 2024","Mon Oct 21 00:02:20 GMT 2024","2473","","","","","","Validate Council Output [DoverDistrictCouncil]",""
"passed","Mon Oct 21 00:30:01 GMT 2024","Mon Oct 21 00:35:07 GMT 2024","305292","","","","","","Validate Council Output [TendringDistrictCouncil]",""
"passed","Mon Oct 21 00:23:41 GMT 2024","Mon Oct 21 00:24:09 GMT 2024","27460","","","","","","Validate Council Output [RushcliffeBoroughCouncil]",""
"passed","Mon Oct 21 00:02:25 GMT 2024","Mon Oct 21 00:02:26 GMT 2024","1095","","","","","","Validate Council Output [EalingCouncil]",""
"passed","Mon Oct 21 00:01:39 GMT 2024","Mon Oct 21 00:02:07 GMT 2024","27889","","","","","","Validate Council Output [ChelmsfordCityCouncil]",""
"passed","Mon Oct 21 00:01:16 GMT 2024","Mon Oct 21 00:01:36 GMT 2024","19205","","","","","","Validate Council Output [BexleyCouncil]",""
"passed","Mon Oct 21 00:02:19 GMT 2024","Mon Oct 21 00:02:20 GMT 2024","1325","","","","","","Validate Council Output [BradfordMDC]",""
"passed","Mon Oct 21 00:02:26 GMT 2024","Mon Oct 21 00:02:27 GMT 2024","1201","","","","","","Validate Council Output [EastCambridgeshireCouncil]",""
"passed","Mon Oct 21 00:23:46 GMT 2024","Mon Oct 21 00:24:14 GMT 2024","28368","","","","","","Validate Council Output [NorthumberlandCouncil]",""
"passed","Mon Oct 21 00:16:24 GMT 2024","Mon Oct 21 00:16:59 GMT 2024","34993","","","","","","Validate Council Output [MidSussexDistrictCouncil]",""
"failed","Mon Oct 21 00:40:24 GMT 2024","Mon Oct 21 00:40:34 GMT 2024","9916","","","","","","Validate Council Output [WestSuffolkCouncil]",""
"passed","Mon Oct 21 00:02:27 GMT 2024","Mon Oct 21 00:02:28 GMT 2024","979","","","","","","Validate Council Output [EastDevonDC]",""
"passed","Mon Oct 21 00:29:30 GMT 2024","Mon Oct 21 00:29:31 GMT 2024","927","","","","","","Validate Council Output [RochfordCouncil]",""
"failed","Mon Oct 21 00:31:29 GMT 2024","Mon Oct 21 00:31:36 GMT 2024","7533","","","","","","Validate Council Output [SouthRibbleCouncil]",""
"passed","Mon Oct 21 00:29:56 GMT 2024","Mon Oct 21 00:29:58 GMT 2024","2219","","","","","","Validate Council Output [StratfordUponAvonCouncil]",""
"failed","Mon Oct 21 00:35:17 GMT 2024","Mon Oct 21 00:40:17 GMT 2024","300122","","","","","","Validate Council Output [ThreeRiversDistrictCouncil]",""
"passed","Mon Oct 21 00:24:21 GMT 2024","Mon Oct 21 00:24:25 GMT 2024","4363","","","","","","Validate Council Output [PerthAndKinrossCouncil]",""
"failed","Mon Oct 21 00:16:59 GMT 2024","Mon Oct 21 00:17:00 GMT 2024","1107","","","","","","Validate Council Output [MiltonKeynesCityCouncil]",""
"passed","Mon Oct 21 00:14:24 GMT 2024","Mon Oct 21 00:14:26 GMT 2024","1572","","","","","","Validate Council Output [LisburnCastlereaghCityCouncil]",""
"passed","Mon Oct 21 00:24:27 GMT 2024","Mon Oct 21 00:29:40 GMT 2024","313057","","","","","","Validate Council Output [PortsmouthCityCouncil]",""
"passed","Mon Oct 21 00:16:45 GMT 2024","Mon Oct 21 00:16:48 GMT 2024","2805","","","","","","Validate Council Output [FalkirkCouncil]",""
"passed","Mon Oct 21 00:29:53 GMT 2024","Mon Oct 21 00:29:54 GMT 2024","1401","","","","","","Validate Council Output [StockportBoroughCouncil]",""
"passed","Mon Oct 21 00:29:31 GMT 2024","Mon Oct 21 00:29:33 GMT 2024","2223","","","","","","Validate Council Output [RotherhamCouncil]",""
"failed","Mon Oct 21 00:24:12 GMT 2024","Mon Oct 21 00:29:12 GMT 2024","300008","","","","","","Validate Council Output [SevenoaksDistrictCouncil]",""
"passed","Mon Oct 21 00:42:00 GMT 2024","Mon Oct 21 00:42:01 GMT 2024","825","","","","","","Validate Council Output [YorkCouncil]",""
"passed","Mon Oct 21 00:02:20 GMT 2024","Mon Oct 21 00:03:36 GMT 2024","76085","","","","","","Validate Council Output [BrightonandHoveCityCouncil]",""
"passed","Mon Oct 21 00:24:06 GMT 2024","Mon Oct 21 00:24:09 GMT 2024","3518","","","","","","Validate Council Output [SouthCambridgeshireCouncil]",""
"passed","Mon Oct 21 00:17:00 GMT 2024","Mon Oct 21 00:17:01 GMT 2024","1330","","","","","","Validate Council Output [MoleValleyDistrictCouncil]",""
"failed","Mon Oct 21 00:04:46 GMT 2024","Mon Oct 21 00:09:46 GMT 2024","300045","","","","","","Validate Council Output [BroxtoweBoroughCouncil]",""
"passed","Mon Oct 21 00:29:19 GMT 2024","Mon Oct 21 00:29:21 GMT 2024","1940","","","","","","Validate Council Output [SolihullCouncil]",""
"passed","Mon Oct 21 00:46:54 GMT 2024","Mon Oct 21 00:46:59 GMT 2024","4477","","","","","","Validate Council Output [WyreCouncil]",""
"failed","Mon Oct 21 00:40:41 GMT 2024","Mon Oct 21 00:45:41 GMT 2024","300036","","","","","","Validate Council Output [WestLothianCouncil]",""
"passed","Mon Oct 21 00:01:22 GMT 2024","Mon Oct 21 00:01:23 GMT 2024","898","","","","","","Validate Council Output [CannockChaseDistrictCouncil]",""
"passed","Mon Oct 21 00:14:07 GMT 2024","Mon Oct 21 00:15:04 GMT 2024","56111","","","","","","Validate Council Output [ColchesterCityCouncil]",""
"failed","Mon Oct 21 00:29:36 GMT 2024","Mon Oct 21 00:34:36 GMT 2024","300035","","","","","","Validate Council Output [SunderlandCityCouncil]",""
"passed","Mon Oct 21 00:16:40 GMT 2024","Mon Oct 21 00:16:41 GMT 2024","1315","","","","","","Validate Council Output [ManchesterCityCouncil]",""
"failed","Mon Oct 21 00:18:29 GMT 2024","Mon Oct 21 00:23:29 GMT 2024","300034","","","","","","Validate Council Output [NewForestCouncil]",""
"failed","Mon Oct 21 00:16:53 GMT 2024","Mon Oct 21 00:18:23 GMT 2024","90425","","","","","","Validate Council Output [KirkleesCouncil]",""
"passed","Mon Oct 21 00:40:17 GMT 2024","Mon Oct 21 00:40:22 GMT 2024","4633","","","","","","Validate Council Output [WalsallCouncil]",""
"passed","Mon Oct 21 00:01:15 GMT 2024","Mon Oct 21 00:01:22 GMT 2024","7629","","","","","","Validate Council Output [CalderdaleCouncil]",""
"passed","Mon Oct 21 00:01:16 GMT 2024","Mon Oct 21 00:01:18 GMT 2024","1587","","","","","","Validate Council Output [CrawleyBoroughCouncil]",""
"passed","Mon Oct 21 00:10:03 GMT 2024","Mon Oct 21 00:10:06 GMT 2024","2548","","","","","","Validate Council Output [HaringeyCouncil]",""
"passed","Mon Oct 21 00:29:12 GMT 2024","Mon Oct 21 00:29:14 GMT 2024","2651","","","","","","Validate Council Output [SheffieldCityCouncil]",""
"passed","Mon Oct 21 00:23:30 GMT 2024","Mon Oct 21 00:23:48 GMT 2024","18645","","","","","","Validate Council Output [NewcastleCityCouncil]",""
"passed","Mon Oct 21 00:31:41 GMT 2024","Mon Oct 21 00:31:43 GMT 2024","1339","","","","","","Validate Council Output [TorbayCouncil]",""
"passed","Mon Oct 21 00:10:11 GMT 2024","Mon Oct 21 00:14:58 GMT 2024","287373","","","","","","Validate Council Output [HighPeakCouncil]",""
"passed","Mon Oct 21 00:02:12 GMT 2024","Mon Oct 21 00:02:13 GMT 2024","1100","","","","","","Validate Council Output [DoncasterCouncil]",""
"failed","Mon Oct 21 00:18:23 GMT 2024","Mon Oct 21 00:23:23 GMT 2024","300041","","","","","","Validate Council Output [KnowsleyMBCouncil]",""
"failed","Mon Oct 21 00:40:23 GMT 2024","Mon Oct 21 00:41:50 GMT 2024","87048","","","","","","Validate Council Output [WestOxfordshireDistrictCouncil]",""
"passed","Mon Oct 21 00:01:55 GMT 2024","Mon Oct 21 00:01:56 GMT 2024","1069","","","","","","Validate Council Output [BCPCouncil]",""
"failed","Mon Oct 21 00:35:20 GMT 2024","Mon Oct 21 00:40:20 GMT 2024","300008","","","","","","Validate Council Output [WalthamForest]",""
"failed","Mon Oct 21 00:04:54 GMT 2024","Mon Oct 21 00:09:54 GMT 2024","300012","","","","","","Validate Council Output [EastRidingCouncil]",""
"passed","Mon Oct 21 00:04:29 GMT 2024","Mon Oct 21 00:05:03 GMT 2024","33531","","","","","","Validate Council Output [GuildfordCouncil]",""
"passed","Mon Oct 21 00:29:28 GMT 2024","Mon Oct 21 00:29:30 GMT 2024","1742","","","","","","Validate Council Output [RochdaleCouncil]",""
"passed","Mon Oct 21 00:10:06 GMT 2024","Mon Oct 21 00:10:08 GMT 2024","2464","","","","","","Validate Council Output [HarrogateBoroughCouncil]",""
"passed","Mon Oct 21 00:45:41 GMT 2024","Mon Oct 21 00:47:31 GMT 2024","110318","","","","","","Validate Council Output [WokinghamBoroughCouncil]",""
"passed","Mon Oct 21 00:14:27 GMT 2024","Mon Oct 21 00:14:28 GMT 2024","1081","","","","","","Validate Council Output [LondonBoroughEaling]",""
"passed","Mon Oct 21 00:10:08 GMT 2024","Mon Oct 21 00:10:11 GMT 2024","2574","","","","","","Validate Council Output [HighlandCouncil]",""
"failed","Mon Oct 21 00:17:13 GMT 2024","Mon Oct 21 00:17:14 GMT 2024","189","","","","","","Validate Council Output [NorthKestevenDistrictCouncil]",""
"failed","Mon Oct 21 00:24:25 GMT 2024","Mon Oct 21 00:29:25 GMT 2024","300038","","","","","","Validate Council Output [RenfrewshireCouncil]",""
"passed","Mon Oct 21 00:03:43 GMT 2024","Mon Oct 21 00:04:46 GMT 2024","63746","","","","","","Validate Council Output [BromleyBoroughCouncil]",""
"passed","Mon Oct 21 00:01:26 GMT 2024","Mon Oct 21 00:01:53 GMT 2024","27031","","","","","","Validate Council Output [ArunCouncil]",""
"failed","Mon Oct 21 00:29:28 GMT 2024","Mon Oct 21 00:31:29 GMT 2024","120946","","","","","","Validate Council Output [SouthOxfordshireCouncil]",""
"passed","Mon Oct 21 00:31:39 GMT 2024","Mon Oct 21 00:31:41 GMT 2024","2624","","","","","","Validate Council Output [TonbridgeAndMallingBC]",""
"passed","Mon Oct 21 00:17:15 GMT 2024","Mon Oct 21 00:17:20 GMT 2024","5259","","","","","","Validate Council Output [NorthLincolnshireCouncil]",""
"passed","Mon Oct 21 00:24:25 GMT 2024","Mon Oct 21 00:24:27 GMT 2024","1894","","","","","","Validate Council Output [PlymouthCouncil]",""
"passed","Mon Oct 21 00:03:26 GMT 2024","Mon Oct 21 00:04:36 GMT 2024","69426","","","","","","Validate Council Output [ChichesterDistrictCouncil]",""
"passed","Mon Oct 21 00:16:48 GMT 2024","Mon Oct 21 00:16:48 GMT 2024","922","","","","","","Validate Council Output [FarehamBoroughCouncil]",""
"passed","Mon Oct 21 00:24:05 GMT 2024","Mon Oct 21 00:24:25 GMT 2024","20207","","","","","","Validate Council Output [ReigateAndBansteadBoroughCouncil]",""
"passed","Mon Oct 21 00:41:57 GMT 2024","Mon Oct 21 00:42:00 GMT 2024","2649","","","","","","Validate Council Output [WirralCouncil]",""
"passed","Mon Oct 21 00:16:35 GMT 2024","Mon Oct 21 00:16:37 GMT 2024","2196","","","","","","Validate Council Output [LutonBoroughCouncil]",""
"passed","Mon Oct 21 00:14:28 GMT 2024","Mon Oct 21 00:15:00 GMT 2024","32129","","","","","","Validate Council Output [LondonBoroughHarrow]",""
"passed","Mon Oct 21 00:14:36 GMT 2024","Mon Oct 21 00:14:40 GMT 2024","3877","","","","","","Validate Council Output [ElmbridgeBoroughCouncil]",""
"passed","Mon Oct 21 00:40:22 GMT 2024","Mon Oct 21 00:40:24 GMT 2024","2175","","","","","","Validate Council Output [WestMorlandAndFurness]",""
"passed","Mon Oct 21 00:15:43 GMT 2024","Mon Oct 21 00:15:44 GMT 2024","1576","","","","","","Validate Council Output [EnvironmentFirst]",""
"failed","Mon Oct 21 00:29:24 GMT 2024","Mon Oct 21 00:29:26 GMT 2024","2340","","","","","","Validate Council Output [StHelensBC]",""
"passed","Mon Oct 21 00:01:54 GMT 2024","Mon Oct 21 00:02:17 GMT 2024","23176","","","","","","Validate Council Output [BoltonCouncil]",""
"passed","Mon Oct 21 00:02:17 GMT 2024","Mon Oct 21 00:02:19 GMT 2024","1723","","","","","","Validate Council Output [BracknellForestCouncil]",""
"passed","Mon Oct 21 00:01:15 GMT 2024","Mon Oct 21 00:01:16 GMT 2024","1323","","","","","","Validate Council Output [CornwallCouncil]",""
"failed","Mon Oct 21 00:16:52 GMT 2024","Mon Oct 21 00:18:16 GMT 2024","83723","","","","","","Validate Council Output [ForestOfDeanDistrictCouncil]",""
"passed","Mon Oct 21 00:31:55 GMT 2024","Mon Oct 21 00:35:10 GMT 2024","195047","","","","","","Validate Council Output [UttlesfordDistrictCouncil]",""
"passed","Mon Oct 21 00:01:49 GMT 2024","Mon Oct 21 00:01:51 GMT 2024","1900","","","","","","Validate Council Output [DartfordBoroughCouncil]",""
"failed","Mon Oct 21 00:05:03 GMT 2024","Mon Oct 21 00:10:03 GMT 2024","300009","","","","","","Validate Council Output [HaltonBoroughCouncil]",""
"passed","Mon Oct 21 00:01:15 GMT 2024","Mon Oct 21 00:01:16 GMT 2024","1677","","","","","","Validate Council Output [BelfastCityCouncil]",""
"passed","Mon Oct 21 00:24:04 GMT 2024","Mon Oct 21 00:24:06 GMT 2024","2069","","","","","","Validate Council Output [SouthAyrshireCouncil]",""
"passed","Mon Oct 21 00:29:26 GMT 2024","Mon Oct 21 00:29:26 GMT 2024","832","","","","","","Validate Council Output [SouthLanarkshireCouncil]",""
"passed","Mon Oct 21 00:16:48 GMT 2024","Mon Oct 21 00:16:52 GMT 2024","3691","","","","","","Validate Council Output [FenlandDistrictCouncil]",""
"passed","Mon Oct 21 00:03:06 GMT 2024","Mon Oct 21 00:03:07 GMT 2024","989","","","","","","Validate Council Output [BasildonCouncil]",""
"passed","Mon Oct 21 00:16:38 GMT 2024","Mon Oct 21 00:16:40 GMT 2024","1318","","","","","","Validate Council Output [MalvernHillsDC]",""
"passed","Mon Oct 21 00:36:56 GMT 2024","Mon Oct 21 00:36:58 GMT 2024","2711","","","","","","Validate Council Output [TandridgeDistrictCouncil]",""
"failed","Mon Oct 21 00:01:36 GMT 2024","Mon Oct 21 00:01:37 GMT 2024","981","","","","","","Validate Council Output [CastlepointDistrictCouncil]",""
"passed","Mon Oct 21 00:16:04 GMT 2024","Mon Oct 21 00:16:07 GMT 2024","2901","","","","","","Validate Council Output [HullCityCouncil]",""
"failed","Mon Oct 21 00:18:16 GMT 2024","Mon Oct 21 00:23:39 GMT 2024","323163","","","","","","Validate Council Output [GatesheadCouncil]",""
"passed","Mon Oct 21 00:02:22 GMT 2024","Mon Oct 21 00:02:25 GMT 2024","2587","","","","","","Validate Council Output [DurhamCouncil]",""
"passed","Mon Oct 21 00:01:32 GMT 2024","Mon Oct 21 00:01:36 GMT 2024","4431","","","","","","Validate Council Output [CardiffCouncil]",""
"passed","Mon Oct 21 00:35:07 GMT 2024","Mon Oct 21 00:35:17 GMT 2024","10543","","","","","","Validate Council Output [TestValleyBoroughCouncil]",""
"passed","Mon Oct 21 00:16:45 GMT 2024","Mon Oct 21 00:17:09 GMT 2024","24040","","","","","","Validate Council Output [NorthEastDerbyshireDistrictCouncil]",""
"passed","Mon Oct 21 00:34:37 GMT 2024","Mon Oct 21 00:35:17 GMT 2024","40230","","","","","","Validate Council Output [SwaleBoroughCouncil]",""
"passed","Mon Oct 21 00:35:17 GMT 2024","Mon Oct 21 00:35:19 GMT 2024","1817","","","","","","Validate Council Output [SwanseaCouncil]",""
"passed","Mon Oct 21 00:15:08 GMT 2024","Mon Oct 21 00:16:22 GMT 2024","74446","","","","","","Validate Council Output [MidAndEastAntrimBoroughCouncil]",""
"passed","Mon Oct 21 00:01:17 GMT 2024","Mon Oct 21 00:01:18 GMT 2024","904","","","","","","Validate Council Output [AdurAndWorthingCouncils]",""
"passed","Mon Oct 21 00:35:19 GMT 2024","Mon Oct 21 00:35:20 GMT 2024","1733","","","","","","Validate Council Output [SwindonBoroughCouncil]",""
"passed","Mon Oct 21 00:29:23 GMT 2024","Mon Oct 21 00:29:24 GMT 2024","1100","","","","","","Validate Council Output [StAlbansCityAndDistrictCouncil]",""
"failed","Mon Oct 21 00:35:10 GMT 2024","Mon Oct 21 00:35:11 GMT 2024","1271","","","","","","Validate Council Output [ValeofGlamorganCouncil]",""
"passed","Mon Oct 21 00:03:23 GMT 2024","Mon Oct 21 00:04:29 GMT 2024","66711","","","","","","Validate Council Output [GloucesterCityCouncil]",""
"passed","Mon Oct 21 00:18:38 GMT 2024","Mon Oct 21 00:18:40 GMT 2024","2323","","","","","","Validate Council Output [NorthTynesideCouncil]",""
"passed","Mon Oct 21 00:14:35 GMT 2024","Mon Oct 21 00:14:36 GMT 2024","1820","","","","","","Validate Council Output [EastleighBoroughCouncil]",""
"passed","Mon Oct 21 00:29:26 GMT 2024","Mon Oct 21 00:29:28 GMT 2024","1562","","","","","","Validate Council Output [SouthNorfolkCouncil]",""
"passed","Mon Oct 21 00:31:48 GMT 2024","Mon Oct 21 00:31:55 GMT 2024","6659","","","","","","Validate Council Output [TunbridgeWellsCouncil]",""
"passed","Mon Oct 21 00:15:12 GMT 2024","Mon Oct 21 00:16:35 GMT 2024","82627","","","","","","Validate Council Output [LondonBoroughRedbridge]",""
"failed","Mon Oct 21 00:41:54 GMT 2024","Mon Oct 21 00:46:54 GMT 2024","300051","","","","","","Validate Council Output [WychavonDistrictCouncil]",""
"passed","Mon Oct 21 00:01:15 GMT 2024","Mon Oct 21 00:01:17 GMT 2024","2819","","","","","","Validate Council Output [AberdeenshireCouncil]",""
"passed","Mon Oct 21 00:16:07 GMT 2024","Mon Oct 21 00:16:09 GMT 2024","1634","","","","","","Validate Council Output [HuntingdonDistrictCouncil]",""
"passed","Mon Oct 21 00:31:36 GMT 2024","Mon Oct 21 00:31:39 GMT 2024","2127","","","","","","Validate Council Output [SouthTynesideCouncil]",""
"failed","Mon Oct 21 00:18:40 GMT 2024","Mon Oct 21 00:23:40 GMT 2024","300038","","","","","","Validate Council Output [NorthWestLeicestershire]",""
"passed","Mon Oct 21 00:16:22 GMT 2024","Mon Oct 21 00:16:24 GMT 2024","1126","","","","","","Validate Council Output [MidlothianCouncil]",""
"passed","Mon Oct 21 00:23:51 GMT 2024","Mon Oct 21 00:23:54 GMT 2024","3144","","","","","","Validate Council Output [NewportCityCouncil]",""
"passed","Mon Oct 21 00:37:04 GMT 2024","Mon Oct 21 00:37:06 GMT 2024","2028","","","","","","Validate Council Output [WelhatCouncil]",""
"passed","Mon Oct 21 00:16:37 GMT 2024","Mon Oct 21 00:16:38 GMT 2024","1320","","","","","","Validate Council Output [MaldonDistrictCouncil]",""
"passed","Mon Oct 21 00:40:20 GMT 2024","Mon Oct 21 00:40:22 GMT 2024","1444","","","","","","Validate Council Output [WarwickDistrictCouncil]",""
"passed","Mon Oct 21 00:01:36 GMT 2024","Mon Oct 21 00:01:40 GMT 2024","4468","","","","","","Validate Council Output [BirminghamCityCouncil]",""
"passed","Mon Oct 21 00:16:12 GMT 2024","Mon Oct 21 00:16:53 GMT 2024","40570","","","","","","Validate Council Output [KingstonUponThamesCouncil]",""
"passed","Mon Oct 21 00:24:09 GMT 2024","Mon Oct 21 00:24:10 GMT 2024","881","","","","","","Validate Council Output [RushmoorCouncil]",""
"passed","Mon Oct 21 00:23:29 GMT 2024","Mon Oct 21 00:23:30 GMT 2024","1129","","","","","","Validate Council Output [NewarkAndSherwoodDC]",""
"passed","Mon Oct 21 00:24:11 GMT 2024","Mon Oct 21 00:24:12 GMT 2024","819","","","","","","Validate Council Output [SouthGloucestershireCouncil]",""
"failed","Mon Oct 21 00:37:06 GMT 2024","Mon Oct 21 00:40:33 GMT 2024","206774","","","","","","Validate Council Output [WestBerkshireCouncil]",""
"passed","Mon Oct 21 00:14:18 GMT 2024","Mon Oct 21 00:14:21 GMT 2024","2137","","","","","","Validate Council Output [LichfieldDistrictCouncil]",""
"failed","Mon Oct 21 00:01:22 GMT 2024","Mon Oct 21 00:01:49 GMT 2024","26731","","","","","","Validate Council Output [DacorumBoroughCouncil]",""
"passed","Mon Oct 21 00:29:58 GMT 2024","Mon Oct 21 00:30:01 GMT 2024","3358","","","","","","Validate Council Output [StroudDistrictCouncil]",""
"passed","Mon Oct 21 00:02:07 GMT 2024","Mon Oct 21 00:02:14 GMT 2024","6285","","","","","","Validate Council Output [CheshireEastCouncil]",""
"failed","Mon Oct 21 00:01:56 GMT 2024","Mon Oct 21 00:03:04 GMT 2024","68338","","","","","","Validate Council Output [BarnetCouncil]",""
"passed","Mon Oct 21 00:17:01 GMT 2024","Mon Oct 21 00:18:29 GMT 2024","87617","","","","","","Validate Council Output [NeathPortTalbotCouncil]",""
"passed","Mon Oct 21 00:18:36 GMT 2024","Mon Oct 21 00:18:38 GMT 2024","1693","","","","","","Validate Council Output [NorthSomersetCouncil]",""
"passed","Mon Oct 21 00:17:14 GMT 2024","Mon Oct 21 00:17:15 GMT 2024","907","","","","","","Validate Council Output [NorthLanarkshireCouncil]",""
"passed","Mon Oct 21 00:40:22 GMT 2024","Mon Oct 21 00:40:23 GMT 2024","1229","","","","","","Validate Council Output [WestNorthamptonshireCouncil]",""
"passed","Mon Oct 21 00:18:35 GMT 2024","Mon Oct 21 00:18:36 GMT 2024","1015","","","","","","Validate Council Output [NorthNorthamptonshireCouncil]",""
"passed","Mon Oct 21 00:23:28 GMT 2024","Mon Oct 21 00:24:04 GMT 2024","36043","","","","","","Validate Council Output [LeedsCityCouncil]",""
"passed","Mon Oct 21 00:37:12 GMT 2024","Mon Oct 21 00:40:41 GMT 2024","208703","","","","","","Validate Council Output [WakefieldCityCouncil]",""
"passed","Mon Oct 21 00:40:35 GMT 2024","Mon Oct 21 00:41:57 GMT 2024","82500","","","","","","Validate Council Output [WinchesterCityCouncil]",""
"passed","Mon Oct 21 00:23:40 GMT 2024","Mon Oct 21 00:23:43 GMT 2024","2635","","","","","","Validate Council Output [NorthYorkshire]",""
"failed","Mon Oct 21 00:24:12 GMT 2024","Mon Oct 21 00:29:25 GMT 2024","313750","","","","","","Validate Council Output [SouthKestevenDistrictCouncil]",""
"failed","Mon Oct 21 00:02:28 GMT 2024","Mon Oct 21 00:04:09 GMT 2024","101454","","","","","","Validate Council Output [EastLindseyDistrictCouncil]",""
"passed","Mon Oct 21 00:16:41 GMT 2024","Mon Oct 21 00:16:42 GMT 2024","1019","","","","","","Validate Council Output [MansfieldDistrictCouncil]",""
"passed","Mon Oct 21 00:02:14 GMT 2024","Mon Oct 21 00:03:26 GMT 2024","72738","","","","","","Validate Council Output [CheshireWestAndChesterCouncil]",""
"passed","Mon Oct 21 00:01:53 GMT 2024","Mon Oct 21 00:01:55 GMT 2024","2150","","","","","","Validate Council Output [AylesburyValeCouncil]",""
"passed","Mon Oct 21 00:16:42 GMT 2024","Mon Oct 21 00:16:45 GMT 2024","2753","","","","","","Validate Council Output [NorthAyrshireCouncil]",""
"passed","Mon Oct 21 00:15:44 GMT 2024","Mon Oct 21 00:16:42 GMT 2024","57899","","","","","","Validate Council Output [EppingForestDistrictCouncil]",""
"passed","Mon Oct 21 00:24:14 GMT 2024","Mon Oct 21 00:24:18 GMT 2024","4156","","","","","","Validate Council Output [NottinghamCityCouncil]",""
"passed","Mon Oct 21 00:01:18 GMT 2024","Mon Oct 21 00:01:22 GMT 2024","4712","","","","","","Validate Council Output [CroydonCouncil]",""
"passed","Mon Oct 21 00:01:37 GMT 2024","Mon Oct 21 00:01:39 GMT 2024","2034","","","","","","Validate Council Output [CharnwoodBoroughCouncil]",""
"passed","Mon Oct 21 00:40:37 GMT 2024","Mon Oct 21 00:42:00 GMT 2024","83286","","","","","","Validate Council Output [WindsorAndMaidenheadCouncil]",""
"passed","Mon Oct 21 00:01:23 GMT 2024","Mon Oct 21 00:01:32 GMT 2024","8713","","","","","","Validate Council Output [CanterburyCityCouncil]",""
"passed","Mon Oct 21 00:23:39 GMT 2024","Mon Oct 21 00:23:40 GMT 2024","427","","","","","","Validate Council Output [GedlingBoroughCouncil]",""
"passed","Mon Oct 21 00:15:00 GMT 2024","Mon Oct 21 00:15:11 GMT 2024","10786","","","","","","Validate Council Output [LondonBoroughHounslow]",""
"passed","Mon Oct 21 00:04:36 GMT 2024","Mon Oct 21 00:14:07 GMT 2024","571639","","","","","","Validate Council Output [ChorleyCouncil]",""
"passed","Mon Oct 21 00:23:40 GMT 2024","Mon Oct 21 00:23:41 GMT 2024","1870","","","","","","Validate Council Output [GlasgowCityCouncil]",""
"passed","Mon Oct 21 00:16:09 GMT 2024","Mon Oct 21 00:16:12 GMT 2024","3102","","","","","","Validate Council Output [IslingtonCouncil]",""
"passed","Mon Oct 21 00:17:09 GMT 2024","Mon Oct 21 00:17:13 GMT 2024","4660","","","","","","Validate Council Output [NorthEastLincs]",""
"passed","Mon Oct 21 00:02:20 GMT 2024","Mon Oct 21 00:02:22 GMT 2024","2374","","","","","","Validate Council Output [DudleyCouncil]",""
"passed","Mon Oct 21 00:14:21 GMT 2024","Mon Oct 21 00:14:24 GMT 2024","3623","","","","","","Validate Council Output [LincolnCouncil]",""
"passed","Mon Oct 21 00:24:18 GMT 2024","Mon Oct 21 00:24:21 GMT 2024","2249","","","","","","Validate Council Output [OldhamCouncil]",""
"passed","Mon Oct 21 00:23:48 GMT 2024","Mon Oct 21 00:23:51 GMT 2024","2097","","","","","","Validate Council Output [NewhamCouncil]",""
"passed","Mon Oct 21 00:23:43 GMT 2024","Mon Oct 21 00:23:46 GMT 2024","2892","","","","","","Validate Council Output [NorwichCityCouncil]",""
"failed","Mon Oct 21 00:09:54 GMT 2024","Mon Oct 21 00:14:35 GMT 2024","280556","","","","","","Validate Council Output [EastSuffolkCouncil]",""
"failed","Mon Oct 21 00:29:21 GMT 2024","Mon Oct 21 00:29:23 GMT 2024","2307","","","","","","Validate Council Output [SouthwarkCouncil]",""
"passed","Mon Oct 21 00:24:09 GMT 2024","Mon Oct 21 00:24:11 GMT 2024","1684","","","","","","Validate Council Output [SouthDerbyshireDistrictCouncil]",""
"passed","Mon Oct 21 00:03:21 GMT 2024","Mon Oct 21 00:03:23 GMT 2024","1426","","","","","","Validate Council Output [BedfordshireCouncil]",""
"passed","Mon Oct 21 00:01:51 GMT 2024","Mon Oct 21 00:02:12 GMT 2024","21146","","","","","","Validate Council Output [DerbyshireDalesDistrictCouncil]",""
"passed","Mon Oct 21 00:24:10 GMT 2024","Mon Oct 21 00:24:12 GMT 2024","1943","","","","","","Validate Council Output [SalfordCityCouncil]",""
"passed","Mon Oct 21 00:01:18 GMT 2024","Mon Oct 21 00:01:26 GMT 2024","7413","","","","","","Validate Council Output [ArmaghBanbridgeCraigavonCouncil]",""
"passed","Mon Oct 21 00:01:40 GMT 2024","Mon Oct 21 00:01:54 GMT 2024","13999","","","","","","Validate Council Output [BlackburnCouncil]",""
"passed","Mon Oct 21 00:02:13 GMT 2024","Mon Oct 21 00:02:17 GMT 2024","3798","","","","","","Validate Council Output [DorsetCouncil]",""
"passed","Mon Oct 21 00:40:34 GMT 2024","Mon Oct 21 00:40:37 GMT 2024","2777","","","","","","Validate Council Output [WiltshireCouncil]",""
"failed","Mon Oct 21 00:29:28 GMT 2024","Mon Oct 21 00:29:53 GMT 2024","25242","","","","","","Validate Council Output [StaffordshireMoorlandsDistrictCouncil]",""
"passed","Mon Oct 21 00:29:54 GMT 2024","Mon Oct 21 00:29:56 GMT 2024","1370","","","","","","Validate Council Output [StokeOnTrentCityCouncil]",""
"passed","Mon Oct 21 00:15:04 GMT 2024","Mon Oct 21 00:15:05 GMT 2024","1269","","","","","","Validate Council Output [ConwyCountyBorough]",""
"passed","Mon Oct 21 00:03:07 GMT 2024","Mon Oct 21 00:03:14 GMT 2024","7065","","","","","","Validate Council Output [BasingstokeCouncil]",""
"passed","Mon Oct 21 00:03:05 GMT 2024","Mon Oct 21 00:03:06 GMT 2024","1103","","","","","","Validate Council Output [BarnsleyMBCouncil]",""
"passed","Mon Oct 21 00:29:14 GMT 2024","Mon Oct 21 00:29:19 GMT 2024","4167","","","","","","Validate Council Output [ShropshireCouncil]",""
"passed","Mon Oct 21 00:37:03 GMT 2024","Mon Oct 21 00:37:04 GMT 2024","1796","","","","","","Validate Council Output [WealdenDistrictCouncil]",""
"passed","Mon Oct 21 00:36:59 GMT 2024","Mon Oct 21 00:37:03 GMT 2024","3215","","","","","","Validate Council Output [WaverleyBoroughCouncil]",""
"passed","Mon Oct 21 00:29:26 GMT 2024","Mon Oct 21 00:29:28 GMT 2024","1246","","","","","","Validate Council Output [StaffordBoroughCouncil]",""
"passed","Mon Oct 21 00:14:40 GMT 2024","Mon Oct 21 00:15:43 GMT 2024","62322","","","","","","Validate Council Output [EnfieldCouncil]",""
"failed","Mon Oct 21 00:31:43 GMT 2024","Mon Oct 21 00:31:48 GMT 2024","5465","","","","","","Validate Council Output [TorridgeDistrictCouncil]",""
"passed","Mon Oct 21 00:17:20 GMT 2024","Mon Oct 21 00:18:35 GMT 2024","75283","","","","","","Validate Council Output [NorthNorfolkDistrictCouncil]",""
"failed","Mon Oct 21 00:34:40 GMT 2024","Mon Oct 21 00:36:55 GMT 2024","135444","","","","","","Validate Council Output [TamesideMBCouncil]",""
"passed","Mon Oct 21 00:41:50 GMT 2024","Mon Oct 21 00:41:54 GMT 2024","3853","","","","","","Validate Council Output [WiganBoroughCouncil]",""
"passed","Mon Oct 21 00:14:12 GMT 2024","Mon Oct 21 00:14:18 GMT 2024","6275","","","","","","Validate Council Output [BuryCouncil]",""
"passed","Mon Oct 21 00:03:14 GMT 2024","Mon Oct 21 00:03:15 GMT 2024","1235","","","","","","Validate Council Output [BathAndNorthEastSomersetCouncil]",""
"passed","Mon Oct 21 00:03:36 GMT 2024","Mon Oct 21 00:03:43 GMT 2024","6231","","","","","","Validate Council Output [BristolCityCouncil]",""
